Teacher:,
Class:,
Room:,
Date:,
4,0,Front Desk
3,1,BKGRND FILL,blue
4,1,BKGRND FILL,blue
5,1,BKGRND FILL,blue
6,1,BKGRND FILL,blue
1,4,BKGRND FILL,blue
2,4,BKGRND FILL,blue
4,4,BKGRND FILL,blue
5,4,BKGRND FILL,blue
7,4,BKGRND FILL,blue
8,4,BKGRND FILL,blue
1,7,BKGRND FILL,blue
2,7,BKGRND FILL,blue
4,7,BKGRND FILL,blue
5,7,BKGRND FILL,blue
7,7,BKGRND FILL,blue
8,7,BKGRND FILL,blue
1,10,BKGRND FILL,blue
2,10,BKGRND FILL,blue
4,10,BKGRND FILL,blue
5,10,BKGRND FILL,blue
7,10,BKGRND FILL,blue
8,10,BKGRND FILL,blue
1,13,BKGRND FILL,blue
2,13,BKGRND FILL,blue
4,13,BKGRND FILL,blue
5,13,BKGRND FILL,blue
7,13,BKGRND FILL,blue
8,13,BKGRND FILL,blue
1,16,BKGRND FILL,blue
2,16,BKGRND FILL,blue
4,16,BKGRND FILL,blue
5,16,BKGRND FILL,blue
7,16,BKGRND FILL,blue
8,16,BKGRND FILL,blue
